"Guid","AccountNumber","AccountSource","Active__c","AnnualRevenue","BillingCity","BillingCountry","BillingGeocodeAccuracy","BillingLatitude","BillingLongitude","BillingPostalCode","BillingState","BillingStreet","CustomerPriority__c","Description","DunsNumber","Fax","Industry","Jigsaw","NaicsCode","NaicsDesc","Name","NumberOfEmployees","NumberofLocations__c","Ownership","Phone","Rating","SLAExpirationDate__c","SLASerialNumber__c","SLA__c","ShippingCity","ShippingCountry","ShippingGeocodeAccuracy","ShippingLatitude","ShippingLongitude","ShippingPostalCode","ShippingState","ShippingStreet","Sic","SicDesc","Site","TickerSymbol","Tradestyle","Type","UpsellOpportunity__c","Website","YearStarted"
051490fb-28bd-4f88-bb1b-f3e3da8e7256,CD451796,"#N/A",Yes,1.39E8,Austin,"#N/A","#N/A","#N/A","#N/A","#N/A",TX,"312 Constitution Place
Austin, TX 78767
USA",Medium,"Edge, founded in 1998, is a start-up based in Austin, TX. The company designs and manufactures a device to convert music from one digital format to another. Edge sells its product through retailers and its own website.","#N/A",(512) 757-9000,Electronics,"#N/A","#N/A","#N/A",Edge Communications,1000,2.0,Public,(512) 757-6000,Hot,2019-04-07,2657,Silver,"#N/A","#N/A","#N/A","#N/A","#N/A","#N/A","#N/A","312 Constitution Place
Austin, TX 78767
USA",6576,"#N/A","#N/A",EDGE,"#N/A",Customer - Direct,Maybe,http://edgecomm.com,"#N/A"
05419ac7-3a78-40d6-8e05-53d8e2c4ab1a,CC634267,"#N/A",Yes,5.0E7,Lawrence,USA,"#N/A","#N/A","#N/A",66045,KS,1301 Hoch Drive,Low,"#N/A","#N/A",(785) 241-6201,Consulting,"#N/A","#N/A","#N/A",Dickenson plc,120,2.0,Private,(785) 241-6200,"#N/A",2019-10-08,7425,Bronze,Lawrence,USA,"#N/A","#N/A","#N/A",66045,KS,1301 Hoch Drive,6752,"#N/A","#N/A","#N/A","#N/A",Customer - Channel,No,dickenson-consulting.com,"#N/A"
06da2f6f-287c-4265-b8ad-c0b0e35db08f,CC978213,"#N/A",Yes,3.0E7,Mountain View,"#N/A","#N/A","#N/A","#N/A","#N/A",CA,"345 Shoreline Park
Mountain View, CA 94043
USA",Low,Genomics company engaged in mapping and sequencing of the human genome and developing gene-based drugs,"#N/A",(650) 867-9895,Biotechnology,"#N/A","#N/A","#N/A",GenePoint,265,1.0,Private,(650) 867-3450,Cold,2019-10-08,7324,Bronze,"#N/A","#N/A","#N/A","#N/A","#N/A","#N/A","#N/A","345 Shoreline Park
Mountain View, CA 94043
USA",3712,"#N/A","#N/A","#N/A","#N/A",Customer - Channel,Yes,www.genepoint.com,"#N/A"
0869b19e-a0aa-45fd-82d5-0e480fb92fdf,CC213425,"#N/A",Yes,9.5E8,Paris,France,"#N/A","#N/A","#N/A",75251,"#N/A",2 Place Jussieu,"#N/A","#N/A","#N/A",(014) 427-4428,Construction,"#N/A","#N/A","#N/A",Pyramid Construction Inc.,2680,17.0,Public,(014) 427-4427,"#N/A",2019-10-08,9840,Silver,Paris,France,"#N/A","#N/A","#N/A",75251,"#N/A",2 Place Jussieu,4253,"#N/A","#N/A",PYR,"#N/A",Customer - Channel,Maybe,www.pyramid.com,"#N/A"
0a44d30e-edc5-4bb4-a961-b523601360e0,CD656092,"#N/A","#N/A",3.5E8,Burlington,USA,"#N/A","#N/A","#N/A",27215,NC,525 S. Lexington Ave,"#N/A","#N/A","#N/A",(336) 222-8000,Apparel,"#N/A","#N/A","#N/A",Burlington Textiles Corp of America,9000,6.0,Public,(336) 222-7000,Warm,2019-04-07,5367,Silver,"#N/A","#N/A","#N/A","#N/A","#N/A","#N/A","#N/A","#N/A",546732,"#N/A","#N/A",BTXT,"#N/A",Customer - Direct,Maybe,www.burlington.com,"#N/A"
0af11674-0629-4b4e-bb7a-9785beae9b0b,CC634267,"#N/A",Yes,5.0E7,Lawrence,USA,"#N/A","#N/A","#N/A",66045,KS,1301 Hoch Drive,Low,"#N/A","#N/A",(785) 241-6201,Consulting,"#N/A","#N/A","#N/A",Dickenson plc,120,2.0,Private,(785) 241-6200,"#N/A",2019-10-08,7425,Bronze,Lawrence,USA,"#N/A","#N/A","#N/A",66045,KS,1301 Hoch Drive,6752,"#N/A","#N/A","#N/A","#N/A",Customer - Channel,No,dickenson-consulting.com,"#N/A"
0d073a3a-95a4-4c57-956e-7a8e84859d45,"#N/A","#N/A","#N/A","#N/A","#N/A","#N/A","#N/A","#N/A","#N/A","#N/A","#N/A","#N/A","#N/A","#N/A","#N/A","#N/A","#N/A","#N/A","#N/A","#N/A",testAcct,"#N/A","#N/A","#N/A","#N/A","#N/A","#N/A","#N/A","#N/A","#N/A","#N/A","#N/A","#N/A","#N/A","#N/A","#N/A","#N/A","#N/A","#N/A","#N/A","#N/A","#N/A","#N/A","#N/A","#N/A","#N/A"
0f0825bc-6d47-4f8f-845f-c74de7974422,CD451796,"#N/A",Yes,1.39E8,Austin,"#N/A","#N/A","#N/A","#N/A","#N/A",TX,"312 Constitution Place
Austin, TX 78767
USA",Medium,"Edge, founded in 1998, is a start-up based in Austin, TX. The company designs and manufactures a device to convert music from one digital format to another. Edge sells its product through retailers and its own website.","#N/A",(512) 757-9000,Electronics,"#N/A","#N/A","#N/A",Edge Communications,1000,2.0,Public,(512) 757-6000,Hot,2019-04-07,2657,Silver,"#N/A","#N/A","#N/A","#N/A","#N/A","#N/A","#N/A","312 Constitution Place
Austin, TX 78767
USA",6576,"#N/A","#N/A",EDGE,"#N/A",Customer - Direct,Maybe,http://edgecomm.com,"#N/A"
126f49a7-7604-473e-bb29-5bdbb16bee91,CD439877,"#N/A",Yes,5.0E8,Chicago,"#N/A","#N/A","#N/A","#N/A","#N/A",IL,"2334 N. Michigan Avenue, Suite 1500
Chicago, IL 60601, USA",High,"Chain of hotels and resorts across the US, UK, Eastern Europe, Japan, and SE Asia.","#N/A",(312) 596-1500,Hospitality,"#N/A","#N/A","#N/A",Grand Hotels & Resorts Ltd,5600,57.0,Public,(312) 596-1000,Warm,2019-10-08,5572,Gold,"#N/A","#N/A","#N/A","#N/A","#N/A","#N/A","#N/A","2334 N. Michigan Avenue, Suite 1500
Chicago, IL 60601, USA",2268,"#N/A","#N/A",GHTL,"#N/A",Customer - Direct,Yes,www.grandhotels.com,"#N/A"
15e49922-317e-4801-a4a6-3a52df38b8a6,CD355118,"#N/A",Yes,5.6E9,New York,"#N/A","#N/A","#N/A","#N/A","#N/A",NY,"1301 Avenue of the Americas 
New York, NY 10019
USA",High,World's third largest oil and gas company.,"#N/A",(212) 842-5501,Energy,"#N/A","#N/A","#N/A",United Oil & Gas Corp.,145000,955.0,Public,(212) 842-5500,Hot,2019-10-08,6654,Platinum,"#N/A","#N/A","#N/A","#N/A","#N/A","#N/A","#N/A","1301 Avenue of the Americas 
New York, NY 10019
USA",4437,"#N/A","#N/A",UOS,"#N/A",Customer - Direct,Yes,http://www.uos.com,"#N/A"
171a05de-4503-4650-9e63-066eafb48be9,CD656092,"#N/A","#N/A",3.5E8,Burlington,USA,"#N/A","#N/A","#N/A",27215,NC,525 S. Lexington Ave,"#N/A","#N/A","#N/A",(336) 222-8000,Apparel,"#N/A","#N/A","#N/A",Burlington Textiles Corp of America,9000,6.0,Public,(336) 222-7000,Warm,2019-04-29,5367,Silver,"#N/A","#N/A","#N/A","#N/A","#N/A","#N/A","#N/A","#N/A",546732,"#N/A","#N/A",BTXT,"#N/A",Customer - Direct,Maybe,www.burlington.com,"#N/A"
1c667093-093f-4dab-a21b-0e89ece9b4aa,CC634267,"#N/A",Yes,5.0E7,Lawrence,USA,"#N/A","#N/A","#N/A",66045,KS,1301 Hoch Drive,Low,"#N/A","#N/A",(785) 241-6201,Consulting,"#N/A","#N/A","#N/A",Dickenson plc,120,2.0,Private,(785) 241-6200,"#N/A",2019-10-08,7425,Bronze,Lawrence,USA,"#N/A","#N/A","#N/A",66045,KS,1301 Hoch Drive,6752,"#N/A","#N/A","#N/A","#N/A",Customer - Channel,No,dickenson-consulting.com,"#N/A"
22c4d5ae-69cc-472d-bc39-5e879fd6eb0b,CD451796,"#N/A",Yes,1.39E8,Austin,"#N/A","#N/A","#N/A","#N/A","#N/A",TX,"312 Constitution Place
Austin, TX 78767
USA",Medium,"Edge, founded in 1998, is a start-up based in Austin, TX. The company designs and manufactures a device to convert music from one digital format to another. Edge sells its product through retailers and its own website.","#N/A",(512) 757-9000,Electronics,"#N/A","#N/A","#N/A",Edge Communications,1000,2.0,Public,(512) 757-6000,Hot,2019-04-07,2657,Silver,"#N/A","#N/A","#N/A","#N/A","#N/A","#N/A","#N/A","312 Constitution Place
Austin, TX 78767
USA",6576,"#N/A","#N/A",EDGE,"#N/A",Customer - Direct,Maybe,http://edgecomm.com,"#N/A"
22e90f90-fd27-4cc9-a38e-6747b2602ea9,CC947211,"#N/A",Yes,9.5E8,Portland,"#N/A","#N/A","#N/A","#N/A","#N/A",OR,"620 SW 5th Avenue Suite 400
Portland, Oregon 97204
United States",Medium,Commerical logistics and transportation company.,"#N/A",(503) 421-7801,Transportation,"#N/A","#N/A","#N/A",Express Logistics and Transport,12300,150.0,Public,(503) 421-7800,Cold,2019-10-08,4724,Platinum,"#N/A","#N/A","#N/A","#N/A","#N/A","#N/A","#N/A","620 SW 5th Avenue Suite 400
Portland, Oregon 97204
United States",8742,"#N/A","#N/A",EXLT,"#N/A",Customer - Channel,Maybe,www.expressl&t.net,"#N/A"
230e4d7c-9cb4-4551-9fe9-e646567ace32,CD355118,"#N/A",Yes,5.6E9,New York,"#N/A","#N/A","#N/A","#N/A","#N/A",NY,"1301 Avenue of the Americas 
New York, NY 10019
USA",High,World's third largest oil and gas company.,"#N/A",(212) 842-5501,Energy,"#N/A","#N/A","#N/A",United Oil & Gas Corp.,145000,955.0,Public,(212) 842-5500,Hot,2019-10-30,6654,Platinum,"#N/A","#N/A","#N/A","#N/A","#N/A","#N/A","#N/A","1301 Avenue of the Americas 
New York, NY 10019
USA",4437,"#N/A","#N/A",UOS,"#N/A",Customer - Direct,Yes,http://www.uos.com,"#N/A"
24c4826b-badc-4262-9d84-9939c69b1939,CC947211,"#N/A",Yes,9.5E8,Portland,"#N/A","#N/A","#N/A","#N/A","#N/A",OR,"620 SW 5th Avenue Suite 400
Portland, Oregon 97204
United States",Medium,Commerical logistics and transportation company.,"#N/A",(503) 421-7801,Transportation,"#N/A","#N/A","#N/A",Express Logistics and Transport,12300,150.0,Public,(503) 421-7800,Cold,2019-10-08,4724,Platinum,"#N/A","#N/A","#N/A","#N/A","#N/A","#N/A","#N/A","620 SW 5th Avenue Suite 400
Portland, Oregon 97204
United States",8742,"#N/A","#N/A",EXLT,"#N/A",Customer - Channel,Maybe,www.expressl&t.net,"#N/A"
26e16331-b560-4a07-b7a0-5b7e54b301bd,CD355119-A,"#N/A",Yes,"#N/A","#N/A","#N/A","#N/A","#N/A","#N/A","#N/A",UK,"Kings Park, 17th Avenue, Team Valley Trading Estate,
Gateshead, Tyne and Wear NE26 3HS
United Kingdom",High,"#N/A","#N/A",+44 191 4956620,Energy,"#N/A","#N/A","#N/A","United Oil & Gas, UK",24000,34.0,Public,+44 191 4956203,"#N/A",2019-04-07,3479,Platinum,"#N/A","#N/A","#N/A","#N/A","#N/A","#N/A","#N/A","Kings Park, 17th Avenue, Team Valley Trading Estate,
Gateshead, Tyne and Wear NE26 3HS
United Kingdom",4437,"#N/A","#N/A",UOS,"#N/A",Customer - Direct,No,http://www.uos.com,"#N/A"
2a964528-9ced-47fa-9ed6-4a7e6f4cd078,CD355120-B,"#N/A",Yes,"#N/A",Singapore,"#N/A","#N/A","#N/A","#N/A","#N/A",Singapore,"9 Tagore Lane
Singapore, Singapore 787472
Singapore",High,"#N/A","#N/A",(650) 450-8820,Energy,"#N/A","#N/A","#N/A","United Oil & Gas, Singapore",3000,6.0,Public,(650) 450-8810,"#N/A",2019-10-08,2457,Platinum,"#N/A","#N/A","#N/A","#N/A","#N/A","#N/A","#N/A","9 Tagore Lane
Singapore, Singapore 787472
Singapore",4437,"#N/A","#N/A",UOS,"#N/A",Customer - Direct,Maybe,http://www.uos.com,"#N/A"
2e2eae0f-4bed-4f26-ba0c-2eaa2d455d05,CD355118,"#N/A",Yes,5.6E9,New York,"#N/A","#N/A","#N/A","#N/A","#N/A",NY,"1301 Avenue of the Americas 
New York, NY 10019
USA",High,World's third largest oil and gas company.,"#N/A",(212) 842-5501,Energy,"#N/A","#N/A","#N/A",United Oil & Gas Corp.,145000,955.0,Public,(212) 842-5500,Hot,2019-10-08,6654,Platinum,"#N/A","#N/A","#N/A","#N/A","#N/A","#N/A","#N/A","1301 Avenue of the Americas 
New York, NY 10019
USA",4437,"#N/A","#N/A",UOS,"#N/A",Customer - Direct,Yes,http://www.uos.com,"#N/A"
303b13b6-a31f-45a0-acf3-4adf53bc9cda,CD355118,"#N/A",Yes,5.6E9,New York,"#N/A","#N/A","#N/A","#N/A","#N/A",NY,"1301 Avenue of the Americas 
New York, NY 10019
USA",High,World's third largest oil and gas company.,"#N/A",(212) 842-5501,Energy,"#N/A","#N/A","#N/A",United Oil & Gas Corp.,145000,955.0,Public,(212) 842-5500,Hot,2019-10-08,6654,Platinum,"#N/A","#N/A","#N/A","#N/A","#N/A","#N/A","#N/A","1301 Avenue of the Americas 
New York, NY 10019
USA",4437,"#N/A","#N/A",UOS,"#N/A",Customer - Direct,Yes,http://www.uos.com,"#N/A"
3170a667-ac6d-453a-8353-3bc77627df22,CD451796,"#N/A",Yes,1.39E8,Austin,"#N/A","#N/A","#N/A","#N/A","#N/A",TX,"312 Constitution Place
Austin, TX 78767
USA",Medium,"Edge, founded in 1998, is a start-up based in Austin, TX. The company designs and manufactures a device to convert music from one digital format to another. Edge sells its product through retailers and its own website.","#N/A",(512) 757-9000,Electronics,"#N/A","#N/A","#N/A",Edge Communications,1000,2.0,Public,(512) 757-6000,Hot,2019-04-07,2657,Silver,"#N/A","#N/A","#N/A","#N/A","#N/A","#N/A","#N/A","312 Constitution Place
Austin, TX 78767
USA",6576,"#N/A","#N/A",EDGE,"#N/A",Customer - Direct,Maybe,http://edgecomm.com,"#N/A"
340503b2-19ec-4b16-baa3-4f48f1fa21ce,CD736025,"#N/A",Yes,"#N/A",Tucson,"#N/A","#N/A","#N/A","#N/A","#N/A",AZ,"888 N Euclid 
Hallis Center, Room 501
Tucson, AZ 85721
United States",Medium,"Leading university in AZ offering undergraduate and graduate programs in arts and humanities, pure sciences, engineering, business, and medicine.","#N/A",(520) 773-9060,Education,"#N/A","#N/A","#N/A",University of Arizona,39000,3.0,Other,(520) 773-9050,Warm,2019-04-07,8350,Gold,"#N/A","#N/A","#N/A","#N/A","#N/A","#N/A","#N/A","888 N Euclid 
Hallis Center, Room 501
Tucson, AZ 85721
United States",7321,"#N/A","#N/A","#N/A","#N/A",Customer - Direct,Yes,www.universityofarizona.com,"#N/A"
34b02152-3588-43bf-9d42-0a14ebcf08f4,CC213425,"#N/A",Yes,9.5E8,Paris,France,"#N/A","#N/A","#N/A",75251,"#N/A",2 Place Jussieu,"#N/A","#N/A","#N/A",(014) 427-4428,Construction,"#N/A","#N/A","#N/A",Pyramid Construction Inc.,2680,17.0,Public,(014) 427-4427,"#N/A",2019-10-08,9840,Silver,Paris,France,"#N/A","#N/A","#N/A",75251,"#N/A",2 Place Jussieu,4253,"#N/A","#N/A",PYR,"#N/A",Customer - Channel,Maybe,www.pyramid.com,"#N/A"
35e914d4-a94d-4adc-935d-b43d8b42d867,CC978213,"#N/A",Yes,3.0E7,Mountain View,"#N/A","#N/A","#N/A","#N/A","#N/A",CA,"345 Shoreline Park
Mountain View, CA 94043
USA",Low,Genomics company engaged in mapping and sequencing of the human genome and developing gene-based drugs,"#N/A",(650) 867-9895,Biotechnology,"#N/A","#N/A","#N/A",GenePoint,265,1.0,Private,(650) 867-3450,Cold,2019-10-08,7324,Bronze,"#N/A","#N/A","#N/A","#N/A","#N/A","#N/A","#N/A","345 Shoreline Park
Mountain View, CA 94043
USA",3712,"#N/A","#N/A","#N/A","#N/A",Customer - Channel,Yes,www.genepoint.com,"#N/A"
373cb66a-10a3-452c-b1ce-9ed67ef464d6,CD451796,"#N/A",Yes,1.39E8,Austin,"#N/A","#N/A","#N/A","#N/A","#N/A",TX,"312 Constitution Place
Austin, TX 78767
USA",Medium,"Edge, founded in 1998, is a start-up based in Austin, TX. The company designs and manufactures a device to convert music from one digital format to another. Edge sells its product through retailers and its own website.","#N/A",(512) 757-9000,Electronics,"#N/A","#N/A","#N/A",Edge Communications,1000,2.0,Public,(512) 757-6000,Hot,2019-04-07,2657,Silver,"#N/A","#N/A","#N/A","#N/A","#N/A","#N/A","#N/A","312 Constitution Place
Austin, TX 78767
USA",6576,"#N/A","#N/A",EDGE,"#N/A",Customer - Direct,Maybe,http://edgecomm.com,"#N/A"
37e3c753-557b-4505-b6b3-3a3b627a6bdb,CD736025,"#N/A",Yes,"#N/A",Tucson,"#N/A","#N/A","#N/A","#N/A","#N/A",AZ,"888 N Euclid 
Hallis Center, Room 501
Tucson, AZ 85721
United States",Medium,"Leading university in AZ offering undergraduate and graduate programs in arts and humanities, pure sciences, engineering, business, and medicine.","#N/A",(520) 773-9060,Education,"#N/A","#N/A","#N/A",University of Arizona,39000,3.0,Other,(520) 773-9050,Warm,2019-04-07,8350,Gold,"#N/A","#N/A","#N/A","#N/A","#N/A","#N/A","#N/A","888 N Euclid 
Hallis Center, Room 501
Tucson, AZ 85721
United States",7321,"#N/A","#N/A","#N/A","#N/A",Customer - Direct,Yes,www.universityofarizona.com,"#N/A"
38da9677-1e17-4718-a211-3cf5e6c1beb5,CC947211,"#N/A",Yes,9.5E8,Portland,"#N/A","#N/A","#N/A","#N/A","#N/A",OR,"620 SW 5th Avenue Suite 400
Portland, Oregon 97204
United States",Medium,Commerical logistics and transportation company.,"#N/A",(503) 421-7801,Transportation,"#N/A","#N/A","#N/A",Express Logistics and Transport,12300,150.0,Public,(503) 421-7800,Cold,2019-10-08,4724,Platinum,"#N/A","#N/A","#N/A","#N/A","#N/A","#N/A","#N/A","620 SW 5th Avenue Suite 400
Portland, Oregon 97204
United States",8742,"#N/A","#N/A",EXLT,"#N/A",Customer - Channel,Maybe,www.expressl&t.net,"#N/A"
39337d35-3f86-4410-b3b9-6e81ca0273f6,CD355120-B,"#N/A",Yes,"#N/A",Singapore,"#N/A","#N/A","#N/A","#N/A","#N/A",Singapore,"9 Tagore Lane
Singapore, Singapore 787472
Singapore",High,"#N/A","#N/A",(650) 450-8820,Energy,"#N/A","#N/A","#N/A","United Oil & Gas, Singapore",3000,6.0,Public,(650) 450-8810,"#N/A",2019-10-30,2457,Platinum,"#N/A","#N/A","#N/A","#N/A","#N/A","#N/A","#N/A","9 Tagore Lane
Singapore, Singapore 787472
Singapore",4437,"#N/A","#N/A",UOS,"#N/A",Customer - Direct,Maybe,http://www.uos.com,"#N/A"
3aeb92bb-91cd-49ac-b34a-79971710abce,CC978213,"#N/A",Yes,3.0E7,Mountain View,"#N/A","#N/A","#N/A","#N/A","#N/A",CA,"345 Shoreline Park
Mountain View, CA 94043
USA",Low,Genomics company engaged in mapping and sequencing of the human genome and developing gene-based drugs,"#N/A",(650) 867-9895,Biotechnology,"#N/A","#N/A","#N/A",GenePoint,265,1.0,Private,(650) 867-3450,Cold,2019-10-08,7324,Bronze,"#N/A","#N/A","#N/A","#N/A","#N/A","#N/A","#N/A","345 Shoreline Park
Mountain View, CA 94043
USA",3712,"#N/A","#N/A","#N/A","#N/A",Customer - Channel,Yes,www.genepoint.com,"#N/A"
3b29811d-059f-43a9-bb92-736fc9349e04,CC978213,"#N/A",Yes,3.0E7,Mountain View,"#N/A","#N/A","#N/A","#N/A","#N/A",CA,"345 Shoreline Park
Mountain View, CA 94043
USA",Low,Genomics company engaged in mapping and sequencing of the human genome and developing gene-based drugs,"#N/A",(650) 867-9895,Biotechnology,"#N/A","#N/A","#N/A",GenePoint,265,1.0,Private,(650) 867-3450,Cold,2019-10-08,7324,Bronze,"#N/A","#N/A","#N/A","#N/A","#N/A","#N/A","#N/A","345 Shoreline Park
Mountain View, CA 94043
USA",3712,"#N/A","#N/A","#N/A","#N/A",Customer - Channel,Yes,www.genepoint.com,"#N/A"
3c64349b-12d7-4d57-8f0f-899450dc37be,CC978213,"#N/A",Yes,3.0E7,Mountain View,"#N/A","#N/A","#N/A","#N/A","#N/A",CA,"345 Shoreline Park
Mountain View, CA 94043
USA",Low,Genomics company engaged in mapping and sequencing of the human genome and developing gene-based drugs,"#N/A",(650) 867-9895,Biotechnology,"#N/A","#N/A","#N/A",GenePoint,265,1.0,Private,(650) 867-3450,Cold,2019-10-30,7324,Bronze,"#N/A","#N/A","#N/A","#N/A","#N/A","#N/A","#N/A","345 Shoreline Park
Mountain View, CA 94043
USA",3712,"#N/A","#N/A","#N/A","#N/A",Customer - Channel,Yes,www.genepoint.com,"#N/A"
4324e99d-d370-4ec7-ab6d-4c9ffe9d835b,CD656092,"#N/A","#N/A",3.5E8,Burlington,USA,"#N/A","#N/A","#N/A",27215,NC,525 S. Lexington Ave,"#N/A","#N/A","#N/A",(336) 222-8000,Apparel,"#N/A","#N/A","#N/A",Burlington Textiles Corp of America,9000,6.0,Public,(336) 222-7000,Warm,2019-04-07,5367,Silver,"#N/A","#N/A","#N/A","#N/A","#N/A","#N/A","#N/A","#N/A",546732,"#N/A","#N/A",BTXT,"#N/A",Customer - Direct,Maybe,www.burlington.com,"#N/A"
48255679-7609-41e6-bd90-56d82274e2aa,CD355120-B,"#N/A",Yes,"#N/A",Singapore,"#N/A","#N/A","#N/A","#N/A","#N/A",Singapore,"9 Tagore Lane
Singapore, Singapore 787472
Singapore",High,"#N/A","#N/A",(650) 450-8820,Energy,"#N/A","#N/A","#N/A","United Oil & Gas, Singapore",3000,6.0,Public,(650) 450-8810,"#N/A",2019-10-08,2457,Platinum,"#N/A","#N/A","#N/A","#N/A","#N/A","#N/A","#N/A","9 Tagore Lane
Singapore, Singapore 787472
Singapore",4437,"#N/A","#N/A",UOS,"#N/A",Customer - Direct,Maybe,http://www.uos.com,"#N/A"
4900e540-c0d7-4ca6-a80f-94b644d023a8,CD656092,"#N/A","#N/A",3.5E8,Burlington,USA,"#N/A","#N/A","#N/A",27215,NC,525 S. Lexington Ave,"#N/A","#N/A","#N/A",(336) 222-8000,Apparel,"#N/A","#N/A","#N/A",Burlington Textiles Corp of America,9000,6.0,Public,(336) 222-7000,Warm,2019-04-07,5367,Silver,"#N/A","#N/A","#N/A","#N/A","#N/A","#N/A","#N/A","#N/A",546732,"#N/A","#N/A",BTXT,"#N/A",Customer - Direct,Maybe,www.burlington.com,"#N/A"
4973b839-ac4a-404a-8a2f-590c22ae728f,CD355119-A,"#N/A",Yes,"#N/A","#N/A","#N/A","#N/A","#N/A","#N/A","#N/A",UK,"Kings Park, 17th Avenue, Team Valley Trading Estate,
Gateshead, Tyne and Wear NE26 3HS
United Kingdom",High,"#N/A","#N/A",+44 191 4956620,Energy,"#N/A","#N/A","#N/A","United Oil & Gas, UK",24000,34.0,Public,+44 191 4956203,"#N/A",2019-04-07,3479,Platinum,"#N/A","#N/A","#N/A","#N/A","#N/A","#N/A","#N/A","Kings Park, 17th Avenue, Team Valley Trading Estate,
Gateshead, Tyne and Wear NE26 3HS
United Kingdom",4437,"#N/A","#N/A",UOS,"#N/A",Customer - Direct,No,http://www.uos.com,"#N/A"
4a3bded3-79f7-4dac-b84a-c5d4ed8bb061,CD355120-B,"#N/A",Yes,"#N/A",Singapore,"#N/A","#N/A","#N/A","#N/A","#N/A",Singapore,"9 Tagore Lane
Singapore, Singapore 787472
Singapore",High,"#N/A","#N/A",(650) 450-8820,Energy,"#N/A","#N/A","#N/A","United Oil & Gas, Singapore",3000,6.0,Public,(650) 450-8810,"#N/A",2019-10-08,2457,Platinum,"#N/A","#N/A","#N/A","#N/A","#N/A","#N/A","#N/A","9 Tagore Lane
Singapore, Singapore 787472
Singapore",4437,"#N/A","#N/A",UOS,"#N/A",Customer - Direct,Maybe,http://www.uos.com,"#N/A"
4cef166a-ee8a-4228-a4e1-320e20367b6e,CC978213,"#N/A",Yes,3.0E7,Mountain View,"#N/A","#N/A","#N/A","#N/A","#N/A",CA,"345 Shoreline Park
Mountain View, CA 94043
USA",Low,Genomics company engaged in mapping and sequencing of the human genome and developing gene-based drugs,"#N/A",(650) 867-9895,Biotechnology,"#N/A","#N/A","#N/A",GenePoint,265,1.0,Private,(650) 867-3450,Cold,2019-10-08,7324,Bronze,"#N/A","#N/A","#N/A","#N/A","#N/A","#N/A","#N/A","345 Shoreline Park
Mountain View, CA 94043
USA",3712,"#N/A","#N/A","#N/A","#N/A",Customer - Channel,Yes,www.genepoint.com,"#N/A"
4d5c7510-5359-43b3-9c14-d0a9d7bd546e,"#N/A","#N/A","#N/A","#N/A","#N/A","#N/A","#N/A","#N/A","#N/A","#N/A","#N/A","#N/A","#N/A","#N/A","#N/A","#N/A","#N/A","#N/A","#N/A","#N/A",new account 1,"#N/A","#N/A","#N/A","#N/A","#N/A","#N/A","#N/A","#N/A","#N/A","#N/A","#N/A","#N/A","#N/A","#N/A","#N/A","#N/A","#N/A","#N/A","#N/A","#N/A","#N/A","#N/A","#N/A","#N/A","#N/A"
4e60e41a-cb55-4a41-b3f3-68f286930709,CC213425,"#N/A",Yes,9.5E8,Paris,France,"#N/A","#N/A","#N/A",75251,"#N/A",2 Place Jussieu,"#N/A","#N/A","#N/A",(014) 427-4428,Construction,"#N/A","#N/A","#N/A",Pyramid Construction Inc.,2680,17.0,Public,(014) 427-4427,"#N/A",2019-10-08,9840,Silver,Paris,France,"#N/A","#N/A","#N/A",75251,"#N/A",2 Place Jussieu,4253,"#N/A","#N/A",PYR,"#N/A",Customer - Channel,Maybe,www.pyramid.com,"#N/A"
4edd091e-0d6f-4b53-86e5-ce16782eb332,CD451796,"#N/A",Yes,1.39E8,Austin,"#N/A","#N/A","#N/A","#N/A","#N/A",TX,"312 Constitution Place
Austin, TX 78767
USA",Medium,"Edge, founded in 1998, is a start-up based in Austin, TX. The company designs and manufactures a device to convert music from one digital format to another. Edge sells its product through retailers and its own website.","#N/A",(512) 757-9000,Electronics,"#N/A","#N/A","#N/A",Edge Communications,1000,2.0,Public,(512) 757-6000,Hot,2019-04-07,2657,Silver,"#N/A","#N/A","#N/A","#N/A","#N/A","#N/A","#N/A","312 Constitution Place
Austin, TX 78767
USA",6576,"#N/A","#N/A",EDGE,"#N/A",Customer - Direct,Maybe,http://edgecomm.com,"#N/A"
560a8fd9-620d-4f4a-9768-c5c4226472a7,CD355119-A,"#N/A",Yes,"#N/A","#N/A","#N/A","#N/A","#N/A","#N/A","#N/A",UK,"Kings Park, 17th Avenue, Team Valley Trading Estate,
Gateshead, Tyne and Wear NE26 3HS
United Kingdom",High,"#N/A","#N/A",+44 191 4956620,Energy,"#N/A","#N/A","#N/A","United Oil & Gas, UK",24000,34.0,Public,+44 191 4956203,"#N/A",2019-04-07,3479,Platinum,"#N/A","#N/A","#N/A","#N/A","#N/A","#N/A","#N/A","Kings Park, 17th Avenue, Team Valley Trading Estate,
Gateshead, Tyne and Wear NE26 3HS
United Kingdom",4437,"#N/A","#N/A",UOS,"#N/A",Customer - Direct,No,http://www.uos.com,"#N/A"
571e0dd7-358b-4c86-9992-dd68f5fd38c9,"#N/A","#N/A","#N/A","#N/A","#N/A","#N/A","#N/A","#N/A","#N/A","#N/A","#N/A","#N/A","#N/A","#N/A","#N/A","#N/A","#N/A","#N/A","#N/A","#N/A",testAcct,"#N/A","#N/A","#N/A","#N/A","#N/A","#N/A","#N/A","#N/A","#N/A","#N/A","#N/A","#N/A","#N/A","#N/A","#N/A","#N/A","#N/A","#N/A","#N/A","#N/A","#N/A","#N/A","#N/A","#N/A","#N/A"
5a0374fe-1c29-493a-a921-fbc0ba583d05,CD439877,"#N/A",Yes,5.0E8,Chicago,"#N/A","#N/A","#N/A","#N/A","#N/A",IL,"2334 N. Michigan Avenue, Suite 1500
Chicago, IL 60601, USA",High,"Chain of hotels and resorts across the US, UK, Eastern Europe, Japan, and SE Asia.","#N/A",(312) 596-1500,Hospitality,"#N/A","#N/A","#N/A",Grand Hotels & Resorts Ltd,5600,57.0,Public,(312) 596-1000,Warm,2019-10-08,5572,Gold,"#N/A","#N/A","#N/A","#N/A","#N/A","#N/A","#N/A","2334 N. Michigan Avenue, Suite 1500
Chicago, IL 60601, USA",2268,"#N/A","#N/A",GHTL,"#N/A",Customer - Direct,Yes,www.grandhotels.com,"#N/A"
5de89b43-b609-48f7-b6e2-4a364f54e28b,CD451796,"#N/A",Yes,1.39E8,Austin,"#N/A","#N/A","#N/A","#N/A","#N/A",TX,"312 Constitution Place
Austin, TX 78767
USA",Medium,"Edge, founded in 1998, is a start-up based in Austin, TX. The company designs and manufactures a device to convert music from one digital format to another. Edge sells its product through retailers and its own website.","#N/A",(512) 757-9000,Electronics,"#N/A","#N/A","#N/A",Edge Communications,1000,2.0,Public,(512) 757-6000,Hot,2019-04-07,2657,Silver,"#N/A","#N/A","#N/A","#N/A","#N/A","#N/A","#N/A","312 Constitution Place
Austin, TX 78767
USA",6576,"#N/A","#N/A",EDGE,"#N/A",Customer - Direct,Maybe,http://edgecomm.com,"#N/A"
5fc1d307-5cc4-4ec9-b806-f000923fc840,"#N/A","#N/A","#N/A","#N/A","#N/A","#N/A","#N/A","#N/A","#N/A","#N/A","#N/A","#N/A","#N/A","#N/A","#N/A","#N/A","#N/A","#N/A","#N/A","#N/A",new account 1,"#N/A","#N/A","#N/A","#N/A","#N/A","#N/A","#N/A","#N/A","#N/A","#N/A","#N/A","#N/A","#N/A","#N/A","#N/A","#N/A","#N/A","#N/A","#N/A","#N/A","#N/A","#N/A","#N/A","#N/A","#N/A"
5ff7d339-f006-4dc3-a5dc-2ddac20be642,CC634267,"#N/A",Yes,5.0E7,Lawrence,USA,"#N/A","#N/A","#N/A",66045,KS,1301 Hoch Drive,Low,"#N/A","#N/A",(785) 241-6201,Consulting,"#N/A","#N/A","#N/A",Dickenson plc,120,2.0,Private,(785) 241-6200,"#N/A",2019-10-08,7425,Bronze,Lawrence,USA,"#N/A","#N/A","#N/A",66045,KS,1301 Hoch Drive,6752,"#N/A","#N/A","#N/A","#N/A",Customer - Channel,No,dickenson-consulting.com,"#N/A"
64c98b18-d767-4dd5-914d-0bfd694b4876,CD451796,"#N/A",Yes,1.39E8,Austin,"#N/A","#N/A","#N/A","#N/A","#N/A",TX,"312 Constitution Place
Austin, TX 78767
USA",Medium,"Edge, founded in 1998, is a start-up based in Austin, TX. The company designs and manufactures a device to convert music from one digital format to another. Edge sells its product through retailers and its own website.","#N/A",(512) 757-9000,Electronics,"#N/A","#N/A","#N/A",Edge Communications,1000,2.0,Public,(512) 757-6000,Hot,2019-04-07,2657,Silver,"#N/A","#N/A","#N/A","#N/A","#N/A","#N/A","#N/A","312 Constitution Place
Austin, TX 78767
USA",6576,"#N/A","#N/A",EDGE,"#N/A",Customer - Direct,Maybe,http://edgecomm.com,"#N/A"
6756631d-2486-4e22-8d97-589871430456,CD451796,"#N/A",Yes,1.39E8,Austin,"#N/A","#N/A","#N/A","#N/A","#N/A",TX,"312 Constitution Place
Austin, TX 78767
USA",Medium,"Edge, founded in 1998, is a start-up based in Austin, TX. The company designs and manufactures a device to convert music from one digital format to another. Edge sells its product through retailers and its own website.","#N/A",(512) 757-9000,Electronics,"#N/A","#N/A","#N/A",Edge Communications,1000,2.0,Public,(512) 757-6000,Hot,2019-04-07,2657,Silver,"#N/A","#N/A","#N/A","#N/A","#N/A","#N/A","#N/A","312 Constitution Place
Austin, TX 78767
USA",6576,"#N/A","#N/A",EDGE,"#N/A",Customer - Direct,Maybe,http://edgecomm.com,"#N/A"
67fe594e-7b01-49ff-9e1a-ac2f4f1564e4,CD439877,"#N/A",Yes,5.0E8,Chicago,"#N/A","#N/A","#N/A","#N/A","#N/A",IL,"2334 N. Michigan Avenue, Suite 1500
Chicago, IL 60601, USA",High,"Chain of hotels and resorts across the US, UK, Eastern Europe, Japan, and SE Asia.","#N/A",(312) 596-1500,Hospitality,"#N/A","#N/A","#N/A",Grand Hotels & Resorts Ltd,5600,57.0,Public,(312) 596-1000,Warm,2019-10-08,5572,Gold,"#N/A","#N/A","#N/A","#N/A","#N/A","#N/A","#N/A","2334 N. Michigan Avenue, Suite 1500
Chicago, IL 60601, USA",2268,"#N/A","#N/A",GHTL,"#N/A",Customer - Direct,Yes,www.grandhotels.com,"#N/A"
68202c71-d0e0-447a-b1bb-5c26ac6aebe7,CD355120-B,"#N/A",Yes,"#N/A",Singapore,"#N/A","#N/A","#N/A","#N/A","#N/A",Singapore,"9 Tagore Lane
Singapore, Singapore 787472
Singapore",High,"#N/A","#N/A",(650) 450-8820,Energy,"#N/A","#N/A","#N/A","United Oil & Gas, Singapore",3000,6.0,Public,(650) 450-8810,"#N/A",2019-10-08,2457,Platinum,"#N/A","#N/A","#N/A","#N/A","#N/A","#N/A","#N/A","9 Tagore Lane
Singapore, Singapore 787472
Singapore",4437,"#N/A","#N/A",UOS,"#N/A",Customer - Direct,Maybe,http://www.uos.com,"#N/A"
68959aa0-6cce-4dc7-9014-10473ef3f3ae,CD439877,"#N/A",Yes,5.0E8,Chicago,"#N/A","#N/A","#N/A","#N/A","#N/A",IL,"2334 N. Michigan Avenue, Suite 1500
Chicago, IL 60601, USA",High,"Chain of hotels and resorts across the US, UK, Eastern Europe, Japan, and SE Asia.","#N/A",(312) 596-1500,Hospitality,"#N/A","#N/A","#N/A",Grand Hotels & Resorts Ltd,5600,57.0,Public,(312) 596-1000,Warm,2019-10-08,5572,Gold,"#N/A","#N/A","#N/A","#N/A","#N/A","#N/A","#N/A","2334 N. Michigan Avenue, Suite 1500
Chicago, IL 60601, USA",2268,"#N/A","#N/A",GHTL,"#N/A",Customer - Direct,Yes,www.grandhotels.com,"#N/A"
6ca3ecaa-9571-4705-a7d0-c65df11fbca4,"#N/A","#N/A","#N/A","#N/A","#N/A","#N/A","#N/A","#N/A","#N/A","#N/A","#N/A","#N/A","#N/A","#N/A","#N/A","#N/A","#N/A","#N/A","#N/A","#N/A",testAcct,"#N/A","#N/A","#N/A","#N/A","#N/A","#N/A","#N/A","#N/A","#N/A","#N/A","#N/A","#N/A","#N/A","#N/A","#N/A","#N/A","#N/A","#N/A","#N/A","#N/A","#N/A","#N/A","#N/A","#N/A","#N/A"
72e249ff-f534-46d2-b074-8131898d01bc,CD736025,"#N/A",Yes,"#N/A",Tucson,"#N/A","#N/A","#N/A","#N/A","#N/A",AZ,"888 N Euclid 
Hallis Center, Room 501
Tucson, AZ 85721
United States",Medium,"Leading university in AZ offering undergraduate and graduate programs in arts and humanities, pure sciences, engineering, business, and medicine.","#N/A",(520) 773-9060,Education,"#N/A","#N/A","#N/A",University of Arizona,39000,3.0,Other,(520) 773-9050,Warm,2019-04-07,8350,Gold,"#N/A","#N/A","#N/A","#N/A","#N/A","#N/A","#N/A","888 N Euclid 
Hallis Center, Room 501
Tucson, AZ 85721
United States",7321,"#N/A","#N/A","#N/A","#N/A",Customer - Direct,Yes,www.universityofarizona.com,"#N/A"
81be6234-e908-42f3-a0ad-098c993adcd9,"#N/A","#N/A","#N/A","#N/A","#N/A","#N/A","#N/A","#N/A","#N/A","#N/A","#N/A","#N/A","#N/A","#N/A","#N/A","#N/A","#N/A","#N/A","#N/A","#N/A",newact,"#N/A","#N/A","#N/A","#N/A","#N/A","#N/A","#N/A","#N/A","#N/A","#N/A","#N/A","#N/A","#N/A","#N/A","#N/A","#N/A","#N/A","#N/A","#N/A","#N/A","#N/A","#N/A","#N/A","#N/A","#N/A"
8432873c-62db-4116-80a5-7339ca83fa71,CD656092,"#N/A","#N/A",3.5E8,Burlington,USA,"#N/A","#N/A","#N/A",27215,NC,525 S. Lexington Ave,"#N/A","#N/A","#N/A",(336) 222-8000,Apparel,"#N/A","#N/A","#N/A",Burlington Textiles Corp of America,9000,6.0,Public,(336) 222-7000,Warm,2019-04-07,5367,Silver,"#N/A","#N/A","#N/A","#N/A","#N/A","#N/A","#N/A","#N/A",546732,"#N/A","#N/A",BTXT,"#N/A",Customer - Direct,Maybe,www.burlington.com,"#N/A"
85fe87f4-4a76-4710-be10-e2c581520bd2,"#N/A","#N/A","#N/A","#N/A",San Francisco,US,"#N/A","#N/A","#N/A",94087,CA,The Landmark @ One Market,"#N/A","#N/A","#N/A",(415) 901-7002,"#N/A","#N/A","#N/A","#N/A",sForce,"#N/A","#N/A","#N/A",(415) 901-7000,"#N/A","#N/A","#N/A","#N/A","#N/A","#N/A","#N/A","#N/A","#N/A","#N/A","#N/A","#N/A","#N/A","#N/A","#N/A","#N/A","#N/A","#N/A","#N/A",www.sforce.com,"#N/A"
86ffbfab-187b-4302-b94d-efd65c824741,"#N/A","#N/A","#N/A","#N/A","#N/A","#N/A","#N/A","#N/A","#N/A","#N/A","#N/A","#N/A","#N/A","#N/A","#N/A","#N/A","#N/A","#N/A","#N/A","#N/A",testAcct,"#N/A","#N/A","#N/A","#N/A","#N/A","#N/A","#N/A","#N/A","#N/A","#N/A","#N/A","#N/A","#N/A","#N/A","#N/A","#N/A","#N/A","#N/A","#N/A","#N/A","#N/A","#N/A","#N/A","#N/A","#N/A"
8828c902-5f14-4b50-8f12-40c159f9e164,CC947211,"#N/A",Yes,9.5E8,Portland,"#N/A","#N/A","#N/A","#N/A","#N/A",OR,"620 SW 5th Avenue Suite 400
Portland, Oregon 97204
United States",Medium,Commerical logistics and transportation company.,"#N/A",(503) 421-7801,Transportation,"#N/A","#N/A","#N/A",Express Logistics and Transport,12300,150.0,Public,(503) 421-7800,Cold,2019-10-08,4724,Platinum,"#N/A","#N/A","#N/A","#N/A","#N/A","#N/A","#N/A","620 SW 5th Avenue Suite 400
Portland, Oregon 97204
United States",8742,"#N/A","#N/A",EXLT,"#N/A",Customer - Channel,Maybe,www.expressl&t.net,"#N/A"
896eb093-69fd-4fce-96b1-2c05d690f2d6,CD656092,"#N/A","#N/A",3.5E8,Burlington,USA,"#N/A","#N/A","#N/A",27215,NC,525 S. Lexington Ave,"#N/A","#N/A","#N/A",(336) 222-8000,Apparel,"#N/A","#N/A","#N/A",Burlington Textiles Corp of America,9000,6.0,Public,(336) 222-7000,Warm,2019-04-07,5367,Silver,"#N/A","#N/A","#N/A","#N/A","#N/A","#N/A","#N/A","#N/A",546732,"#N/A","#N/A",BTXT,"#N/A",Customer - Direct,Maybe,www.burlington.com,"#N/A"
897b0675-6233-491c-b765-4b7e107e9fb1,CC213425,"#N/A",Yes,9.5E8,Paris,France,"#N/A","#N/A","#N/A",75251,"#N/A",2 Place Jussieu,"#N/A","#N/A","#N/A",(014) 427-4428,Construction,"#N/A","#N/A","#N/A",Pyramid Construction Inc.,2680,17.0,Public,(014) 427-4427,"#N/A",2019-10-08,9840,Silver,Paris,France,"#N/A","#N/A","#N/A",75251,"#N/A",2 Place Jussieu,4253,"#N/A","#N/A",PYR,"#N/A",Customer - Channel,Maybe,www.pyramid.com,"#N/A"
8b265180-fe12-4864-801b-3169abea3242,CD355119-A,"#N/A",Yes,"#N/A","#N/A","#N/A","#N/A","#N/A","#N/A","#N/A",UK,"Kings Park, 17th Avenue, Team Valley Trading Estate,
Gateshead, Tyne and Wear NE26 3HS
United Kingdom",High,"#N/A","#N/A",+44 191 4956620,Energy,"#N/A","#N/A","#N/A","United Oil & Gas, UK",24000,34.0,Public,+44 191 4956203,"#N/A",2019-04-29,3479,Platinum,"#N/A","#N/A","#N/A","#N/A","#N/A","#N/A","#N/A","Kings Park, 17th Avenue, Team Valley Trading Estate,
Gateshead, Tyne and Wear NE26 3HS
United Kingdom",4437,"#N/A","#N/A",UOS,"#N/A",Customer - Direct,No,http://www.uos.com,"#N/A"
8cf75d3a-49be-4dfe-aa0e-bee1948b4dd2,CC947211,"#N/A",Yes,9.5E8,Portland,"#N/A","#N/A","#N/A","#N/A","#N/A",OR,"620 SW 5th Avenue Suite 400
Portland, Oregon 97204
United States",Medium,Commerical logistics and transportation company.,"#N/A",(503) 421-7801,Transportation,"#N/A","#N/A","#N/A",Express Logistics and Transport,12300,150.0,Public,(503) 421-7800,Cold,2019-10-08,4724,Platinum,"#N/A","#N/A","#N/A","#N/A","#N/A","#N/A","#N/A","620 SW 5th Avenue Suite 400
Portland, Oregon 97204
United States",8742,"#N/A","#N/A",EXLT,"#N/A",Customer - Channel,Maybe,www.expressl&t.net,"#N/A"
8dbb3500-d8a4-4c4a-9d84-6084f39296ad,CD451796,"#N/A",Yes,1.39E8,Austin,"#N/A","#N/A","#N/A","#N/A","#N/A",TX,"312 Constitution Place
Austin, TX 78767
USA",Medium,"Edge, founded in 1998, is a start-up based in Austin, TX. The company designs and manufactures a device to convert music from one digital format to another. Edge sells its product through retailers and its own website.","#N/A",(512) 757-9000,Electronics,"#N/A","#N/A","#N/A",Edge Communications,1000,2.0,Public,(512) 757-6000,Hot,2019-04-07,2657,Silver,"#N/A","#N/A","#N/A","#N/A","#N/A","#N/A","#N/A","312 Constitution Place
Austin, TX 78767
USA",6576,"#N/A","#N/A",EDGE,"#N/A",Customer - Direct,Maybe,http://edgecomm.com,"#N/A"
8e2c702b-1282-4ce9-a529-ac38f02662e2,CC213425,"#N/A",Yes,9.5E8,Paris,France,"#N/A","#N/A","#N/A",75251,"#N/A",2 Place Jussieu,"#N/A","#N/A","#N/A",(014) 427-4428,Construction,"#N/A","#N/A","#N/A",Pyramid Construction Inc.,2680,17.0,Public,(014) 427-4427,"#N/A",2019-10-08,9840,Silver,Paris,France,"#N/A","#N/A","#N/A",75251,"#N/A",2 Place Jussieu,4253,"#N/A","#N/A",PYR,"#N/A",Customer - Channel,Maybe,www.pyramid.com,"#N/A"
9044c468-58f0-4a6b-92aa-5d488ab20ea9,CC213425,"#N/A",Yes,9.5E8,Paris,France,"#N/A","#N/A","#N/A",75251,"#N/A",2 Place Jussieu,"#N/A","#N/A","#N/A",(014) 427-4428,Construction,"#N/A","#N/A","#N/A",Pyramid Construction Inc.,2680,17.0,Public,(014) 427-4427,"#N/A",2019-10-08,9840,Silver,Paris,France,"#N/A","#N/A","#N/A",75251,"#N/A",2 Place Jussieu,4253,"#N/A","#N/A",PYR,"#N/A",Customer - Channel,Maybe,www.pyramid.com,"#N/A"
982e61bc-e86c-41b9-93b2-136b2c425f85,CC947211,"#N/A",Yes,9.5E8,Portland,"#N/A","#N/A","#N/A","#N/A","#N/A",OR,"620 SW 5th Avenue Suite 400
Portland, Oregon 97204
United States",Medium,Commerical logistics and transportation company.,"#N/A",(503) 421-7801,Transportation,"#N/A","#N/A","#N/A",Express Logistics and Transport,12300,150.0,Public,(503) 421-7800,Cold,2019-10-30,4724,Platinum,"#N/A","#N/A","#N/A","#N/A","#N/A","#N/A","#N/A","620 SW 5th Avenue Suite 400
Portland, Oregon 97204
United States",8742,"#N/A","#N/A",EXLT,"#N/A",Customer - Channel,Maybe,www.expressl&t.net,"#N/A"
98aceb55-8c40-4313-b6c7-407ad5278860,CD451796,"#N/A",Yes,1.39E8,Austin,"#N/A","#N/A","#N/A","#N/A","#N/A",TX,"312 Constitution Place
Austin, TX 78767
USA",Medium,"Edge, founded in 1998, is a start-up based in Austin, TX. The company designs and manufactures a device to convert music from one digital format to another. Edge sells its product through retailers and its own website.","#N/A",(512) 757-9000,Electronics,"#N/A","#N/A","#N/A",Edge Communications,1000,2.0,Public,(512) 757-6000,Hot,2019-04-07,2657,Silver,"#N/A","#N/A","#N/A","#N/A","#N/A","#N/A","#N/A","312 Constitution Place
Austin, TX 78767
USA",6576,"#N/A","#N/A",EDGE,"#N/A",Customer - Direct,Maybe,http://edgecomm.com,"#N/A"
9b9716cf-d6c8-4dd6-bc2d-2e75306cc5bd,CC634267,"#N/A",Yes,5.0E7,Lawrence,USA,"#N/A","#N/A","#N/A",66045,KS,1301 Hoch Drive,Low,"#N/A","#N/A",(785) 241-6201,Consulting,"#N/A","#N/A","#N/A",Dickenson plc,120,2.0,Private,(785) 241-6200,"#N/A",2019-10-08,7425,Bronze,Lawrence,USA,"#N/A","#N/A","#N/A",66045,KS,1301 Hoch Drive,6752,"#N/A","#N/A","#N/A","#N/A",Customer - Channel,No,dickenson-consulting.com,"#N/A"
9e0e5a22-611f-4d70-83e3-380717846e7d,CD355119-A,"#N/A",Yes,"#N/A","#N/A","#N/A","#N/A","#N/A","#N/A","#N/A",UK,"Kings Park, 17th Avenue, Team Valley Trading Estate,
Gateshead, Tyne and Wear NE26 3HS
United Kingdom",High,"#N/A","#N/A",+44 191 4956620,Energy,"#N/A","#N/A","#N/A","United Oil & Gas, UK",24000,34.0,Public,+44 191 4956203,"#N/A",2019-04-07,3479,Platinum,"#N/A","#N/A","#N/A","#N/A","#N/A","#N/A","#N/A","Kings Park, 17th Avenue, Team Valley Trading Estate,
Gateshead, Tyne and Wear NE26 3HS
United Kingdom",4437,"#N/A","#N/A",UOS,"#N/A",Customer - Direct,No,http://www.uos.com,"#N/A"
9edc2252-4b3d-4c3c-80fb-60f823898bad,CD451796,"#N/A",Yes,1.39E8,Austin,"#N/A","#N/A","#N/A","#N/A","#N/A",TX,"312 Constitution Place
Austin, TX 78767
USA",Medium,"Edge, founded in 1998, is a start-up based in Austin, TX. The company designs and manufactures a device to convert music from one digital format to another. Edge sells its product through retailers and its own website.","#N/A",(512) 757-9000,Electronics,"#N/A","#N/A","#N/A",Edge Communications,1000,2.0,Public,(512) 757-6000,Hot,2019-04-07,2657,Silver,"#N/A","#N/A","#N/A","#N/A","#N/A","#N/A","#N/A","312 Constitution Place
Austin, TX 78767
USA",6576,"#N/A","#N/A",EDGE,"#N/A",Customer - Direct,Maybe,http://edgecomm.com,"#N/A"
a044dcf1-5f4c-4129-b4aa-2311f467b108,CD355118,"#N/A",Yes,5.6E9,New York,"#N/A","#N/A","#N/A","#N/A","#N/A",NY,"1301 Avenue of the Americas 
New York, NY 10019
USA",High,World's third largest oil and gas company.,"#N/A",(212) 842-5501,Energy,"#N/A","#N/A","#N/A",United Oil & Gas Corp.,145000,955.0,Public,(212) 842-5500,Hot,2019-10-08,6654,Platinum,"#N/A","#N/A","#N/A","#N/A","#N/A","#N/A","#N/A","1301 Avenue of the Americas 
New York, NY 10019
USA",4437,"#N/A","#N/A",UOS,"#N/A",Customer - Direct,Yes,http://www.uos.com,"#N/A"
a04c9b34-2586-4206-bbe0-a68824c7c903,"#N/A","#N/A","#N/A","#N/A","#N/A","#N/A","#N/A","#N/A","#N/A","#N/A","#N/A","#N/A","#N/A","#N/A","#N/A","#N/A","#N/A","#N/A","#N/A","#N/A",testAcct,"#N/A","#N/A","#N/A","#N/A","#N/A","#N/A","#N/A","#N/A","#N/A","#N/A","#N/A","#N/A","#N/A","#N/A","#N/A","#N/A","#N/A","#N/A","#N/A","#N/A","#N/A","#N/A","#N/A","#N/A","#N/A"
a1baa980-8a79-4e91-b3dd-3d28ff0499a9,CC634267,"#N/A",Yes,5.0E7,Lawrence,USA,"#N/A","#N/A","#N/A",66045,KS,1301 Hoch Drive,Low,"#N/A","#N/A",(785) 241-6201,Consulting,"#N/A","#N/A","#N/A",Dickenson plc,120,2.0,Private,(785) 241-6200,"#N/A",2019-10-08,7425,Bronze,Lawrence,USA,"#N/A","#N/A","#N/A",66045,KS,1301 Hoch Drive,6752,"#N/A","#N/A","#N/A","#N/A",Customer - Channel,No,dickenson-consulting.com,"#N/A"
a4030054-21fc-4ef9-a653-447906c1a485,CD355118,"#N/A",Yes,5.6E9,New York,"#N/A","#N/A","#N/A","#N/A","#N/A",NY,"1301 Avenue of the Americas 
New York, NY 10019
USA",High,World's third largest oil and gas company.,"#N/A",(212) 842-5501,Energy,"#N/A","#N/A","#N/A",United Oil & Gas Corp.,145000,955.0,Public,(212) 842-5500,Hot,2019-10-08,6654,Platinum,"#N/A","#N/A","#N/A","#N/A","#N/A","#N/A","#N/A","1301 Avenue of the Americas 
New York, NY 10019
USA",4437,"#N/A","#N/A",UOS,"#N/A",Customer - Direct,Yes,http://www.uos.com,"#N/A"
ae7a9355-f3a3-46d6-a562-bcf509677038,CD451796,"#N/A",Yes,1.39E8,Austin,"#N/A","#N/A","#N/A","#N/A","#N/A",TX,"312 Constitution Place
Austin, TX 78767
USA",Medium,"Edge, founded in 1998, is a start-up based in Austin, TX. The company designs and manufactures a device to convert music from one digital format to another. Edge sells its product through retailers and its own website.","#N/A",(512) 757-9000,Electronics,"#N/A","#N/A","#N/A",Edge Communications,1000,2.0,Public,(512) 757-6000,Hot,2019-04-07,2657,Silver,"#N/A","#N/A","#N/A","#N/A","#N/A","#N/A","#N/A","312 Constitution Place
Austin, TX 78767
USA",6576,"#N/A","#N/A",EDGE,"#N/A",Customer - Direct,Maybe,http://edgecomm.com,"#N/A"
ae987bdf-8651-4883-a4ce-e97515b2b30b,CD656092,"#N/A","#N/A",3.5E8,Burlington,USA,"#N/A","#N/A","#N/A",27215,NC,525 S. Lexington Ave,"#N/A","#N/A","#N/A",(336) 222-8000,Apparel,"#N/A","#N/A","#N/A",Burlington Textiles Corp of America,9000,6.0,Public,(336) 222-7000,Warm,2019-04-07,5367,Silver,"#N/A","#N/A","#N/A","#N/A","#N/A","#N/A","#N/A","#N/A",546732,"#N/A","#N/A",BTXT,"#N/A",Customer - Direct,Maybe,www.burlington.com,"#N/A"
afea20be-3d4a-4289-aa4b-975ac76b1dc7,CD439877,"#N/A",Yes,5.0E8,Chicago,"#N/A","#N/A","#N/A","#N/A","#N/A",IL,"2334 N. Michigan Avenue, Suite 1500
Chicago, IL 60601, USA",High,"Chain of hotels and resorts across the US, UK, Eastern Europe, Japan, and SE Asia.","#N/A",(312) 596-1500,Hospitality,"#N/A","#N/A","#N/A",Grand Hotels & Resorts Ltd,5600,57.0,Public,(312) 596-1000,Warm,2019-10-08,5572,Gold,"#N/A","#N/A","#N/A","#N/A","#N/A","#N/A","#N/A","2334 N. Michigan Avenue, Suite 1500
Chicago, IL 60601, USA",2268,"#N/A","#N/A",GHTL,"#N/A",Customer - Direct,Yes,www.grandhotels.com,"#N/A"
b052f98c-bb19-4702-80f2-b57f66ca73a0,CD355118,"#N/A",Yes,5.6E9,New York,"#N/A","#N/A","#N/A","#N/A","#N/A",NY,"1301 Avenue of the Americas 
New York, NY 10019
USA",High,World's third largest oil and gas company.,"#N/A",(212) 842-5501,Energy,"#N/A","#N/A","#N/A",United Oil & Gas Corp.,145000,955.0,Public,(212) 842-5500,Hot,2019-10-08,6654,Platinum,"#N/A","#N/A","#N/A","#N/A","#N/A","#N/A","#N/A","1301 Avenue of the Americas 
New York, NY 10019
USA",4437,"#N/A","#N/A",UOS,"#N/A",Customer - Direct,Yes,http://www.uos.com,"#N/A"
b2ab7eeb-78ff-4730-9cca-ec80d4613564,CC213425,"#N/A",Yes,9.5E8,Paris,France,"#N/A","#N/A","#N/A",75251,"#N/A",2 Place Jussieu,"#N/A","#N/A","#N/A",(014) 427-4428,Construction,"#N/A","#N/A","#N/A",Pyramid Construction Inc.,2680,17.0,Public,(014) 427-4427,"#N/A",2019-10-08,9840,Silver,Paris,France,"#N/A","#N/A","#N/A",75251,"#N/A",2 Place Jussieu,4253,"#N/A","#N/A",PYR,"#N/A",Customer - Channel,Maybe,www.pyramid.com,"#N/A"
baee8f72-4a70-498a-8777-c1af65d52815,CD355119-A,"#N/A",Yes,"#N/A","#N/A","#N/A","#N/A","#N/A","#N/A","#N/A",UK,"Kings Park, 17th Avenue, Team Valley Trading Estate,
Gateshead, Tyne and Wear NE26 3HS
United Kingdom",High,"#N/A","#N/A",+44 191 4956620,Energy,"#N/A","#N/A","#N/A","United Oil & Gas, UK",24000,34.0,Public,+44 191 4956203,"#N/A",2019-04-07,3479,Platinum,"#N/A","#N/A","#N/A","#N/A","#N/A","#N/A","#N/A","Kings Park, 17th Avenue, Team Valley Trading Estate,
Gateshead, Tyne and Wear NE26 3HS
United Kingdom",4437,"#N/A","#N/A",UOS,"#N/A",Customer - Direct,No,http://www.uos.com,"#N/A"
be50f23b-fa42-4927-aaf9-5bbb1f80fa8f,CD656092,"#N/A","#N/A",3.5E8,Burlington,USA,"#N/A","#N/A","#N/A",27215,NC,525 S. Lexington Ave,"#N/A","#N/A","#N/A",(336) 222-8000,Apparel,"#N/A","#N/A","#N/A",Burlington Textiles Corp of America,9000,6.0,Public,(336) 222-7000,Warm,2019-04-07,5367,Silver,"#N/A","#N/A","#N/A","#N/A","#N/A","#N/A","#N/A","#N/A",546732,"#N/A","#N/A",BTXT,"#N/A",Customer - Direct,Maybe,www.burlington.com,"#N/A"
c22d32c4-8d5c-4f88-a355-39e62215379b,CD355120-B,"#N/A",Yes,"#N/A",Singapore,"#N/A","#N/A","#N/A","#N/A","#N/A",Singapore,"9 Tagore Lane
Singapore, Singapore 787472
Singapore",High,"#N/A","#N/A",(650) 450-8820,Energy,"#N/A","#N/A","#N/A","United Oil & Gas, Singapore",3000,6.0,Public,(650) 450-8810,"#N/A",2019-10-08,2457,Platinum,"#N/A","#N/A","#N/A","#N/A","#N/A","#N/A","#N/A","9 Tagore Lane
Singapore, Singapore 787472
Singapore",4437,"#N/A","#N/A",UOS,"#N/A",Customer - Direct,Maybe,http://www.uos.com,"#N/A"
c7c176cb-1547-4c91-96c6-a5e0068d79b9,CC947211,"#N/A",Yes,9.5E8,Portland,"#N/A","#N/A","#N/A","#N/A","#N/A",OR,"620 SW 5th Avenue Suite 400
Portland, Oregon 97204
United States",Medium,Commerical logistics and transportation company.,"#N/A",(503) 421-7801,Transportation,"#N/A","#N/A","#N/A",Express Logistics and Transport,12300,150.0,Public,(503) 421-7800,Cold,2019-10-08,4724,Platinum,"#N/A","#N/A","#N/A","#N/A","#N/A","#N/A","#N/A","620 SW 5th Avenue Suite 400
Portland, Oregon 97204
United States",8742,"#N/A","#N/A",EXLT,"#N/A",Customer - Channel,Maybe,www.expressl&t.net,"#N/A"
c91d0670-c78f-45e3-833c-65ea7f45b550,CD451796,"#N/A",Yes,1.39E8,Austin,"#N/A","#N/A","#N/A","#N/A","#N/A",TX,"312 Constitution Place
Austin, TX 78767
USA",Medium,"Edge, founded in 1998, is a start-up based in Austin, TX. The company designs and manufactures a device to convert music from one digital format to another. Edge sells its product through retailers and its own website.","#N/A",(512) 757-9000,Electronics,"#N/A","#N/A","#N/A",Edge Communications,1000,2.0,Public,(512) 757-6000,Hot,2019-04-07,2657,Silver,"#N/A","#N/A","#N/A","#N/A","#N/A","#N/A","#N/A","312 Constitution Place
Austin, TX 78767
USA",6576,"#N/A","#N/A",EDGE,"#N/A",Customer - Direct,Maybe,http://edgecomm.com,"#N/A"
c9253c39-775f-4c11-83dc-71d9ffea90c2,CC213425,"#N/A",Yes,9.5E8,Paris,France,"#N/A","#N/A","#N/A",75251,"#N/A",2 Place Jussieu,"#N/A","#N/A","#N/A",(014) 427-4428,Construction,"#N/A","#N/A","#N/A",Pyramid Construction Inc.,2680,17.0,Public,(014) 427-4427,"#N/A",2019-10-08,9840,Silver,Paris,France,"#N/A","#N/A","#N/A",75251,"#N/A",2 Place Jussieu,4253,"#N/A","#N/A",PYR,"#N/A",Customer - Channel,Maybe,www.pyramid.com,"#N/A"
cf1f2147-167d-433b-9609-91427c7815e4,CC213425,"#N/A",Yes,9.5E8,Paris,France,"#N/A","#N/A","#N/A",75251,"#N/A",2 Place Jussieu,"#N/A","#N/A","#N/A",(014) 427-4428,Construction,"#N/A","#N/A","#N/A",Pyramid Construction Inc.,2680,17.0,Public,(014) 427-4427,"#N/A",2019-10-30,9840,Silver,Paris,France,"#N/A","#N/A","#N/A",75251,"#N/A",2 Place Jussieu,4253,"#N/A","#N/A",PYR,"#N/A",Customer - Channel,Maybe,www.pyramid.com,"#N/A"
d1cad3f8-70b7-453a-bad5-54f496af976c,CD355119-A,"#N/A",Yes,"#N/A","#N/A","#N/A","#N/A","#N/A","#N/A","#N/A",UK,"Kings Park, 17th Avenue, Team Valley Trading Estate,
Gateshead, Tyne and Wear NE26 3HS
United Kingdom",High,"#N/A","#N/A",+44 191 4956620,Energy,"#N/A","#N/A","#N/A","United Oil & Gas, UK",24000,34.0,Public,+44 191 4956203,"#N/A",2019-04-07,3479,Platinum,"#N/A","#N/A","#N/A","#N/A","#N/A","#N/A","#N/A","Kings Park, 17th Avenue, Team Valley Trading Estate,
Gateshead, Tyne and Wear NE26 3HS
United Kingdom",4437,"#N/A","#N/A",UOS,"#N/A",Customer - Direct,No,http://www.uos.com,"#N/A"
d2ceeced-3e18-495b-a948-449bc63497a3,CC978213,"#N/A",Yes,3.0E7,Mountain View,"#N/A","#N/A","#N/A","#N/A","#N/A",CA,"345 Shoreline Park
Mountain View, CA 94043
USA",Low,Genomics company engaged in mapping and sequencing of the human genome and developing gene-based drugs,"#N/A",(650) 867-9895,Biotechnology,"#N/A","#N/A","#N/A",GenePoint,265,1.0,Private,(650) 867-3450,Cold,2019-10-08,7324,Bronze,"#N/A","#N/A","#N/A","#N/A","#N/A","#N/A","#N/A","345 Shoreline Park
Mountain View, CA 94043
USA",3712,"#N/A","#N/A","#N/A","#N/A",Customer - Channel,Yes,www.genepoint.com,"#N/A"
d3cc4ff5-5636-46a2-baa9-61f7177fd8a2,CC947211,"#N/A",Yes,9.5E8,Portland,"#N/A","#N/A","#N/A","#N/A","#N/A",OR,"620 SW 5th Avenue Suite 400
Portland, Oregon 97204
United States",Medium,Commerical logistics and transportation company.,"#N/A",(503) 421-7801,Transportation,"#N/A","#N/A","#N/A",Express Logistics and Transport,12300,150.0,Public,(503) 421-7800,Cold,2019-10-08,4724,Platinum,"#N/A","#N/A","#N/A","#N/A","#N/A","#N/A","#N/A","620 SW 5th Avenue Suite 400
Portland, Oregon 97204
United States",8742,"#N/A","#N/A",EXLT,"#N/A",Customer - Channel,Maybe,www.expressl&t.net,"#N/A"
d4cac4c0-18ff-42a6-931a-f215a9967f78,"#N/A","#N/A","#N/A","#N/A","#N/A","#N/A","#N/A","#N/A","#N/A","#N/A","#N/A","#N/A","#N/A","#N/A","#N/A","#N/A","#N/A","#N/A","#N/A","#N/A",testAcct,"#N/A","#N/A","#N/A","#N/A","#N/A","#N/A","#N/A","#N/A","#N/A","#N/A","#N/A","#N/A","#N/A","#N/A","#N/A","#N/A","#N/A","#N/A","#N/A","#N/A","#N/A","#N/A","#N/A","#N/A","#N/A"
d7ab7928-1d50-4bf4-af46-a3beac9c8f60,CD451796,"#N/A",Yes,1.39E8,Austin,"#N/A","#N/A","#N/A","#N/A","#N/A",TX,"312 Constitution Place
Austin, TX 78767
USA",Medium,"Edge, founded in 1998, is a start-up based in Austin, TX. The company designs and manufactures a device to convert music from one digital format to another. Edge sells its product through retailers and its own website.","#N/A",(512) 757-9000,Electronics,"#N/A","#N/A","#N/A",Edge Communications,1000,2.0,Public,(512) 757-6000,Hot,2019-04-29,2657,Silver,"#N/A","#N/A","#N/A","#N/A","#N/A","#N/A","#N/A","312 Constitution Place
Austin, TX 78767
USA",6576,"#N/A","#N/A",EDGE,"#N/A",Customer - Direct,Maybe,http://edgecomm.com,"#N/A"
e77839ca-4b35-4186-886a-0759bfa72d08,CD736025,"#N/A",Yes,"#N/A",Tucson,"#N/A","#N/A","#N/A","#N/A","#N/A",AZ,"888 N Euclid 
Hallis Center, Room 501
Tucson, AZ 85721
United States",Medium,"Leading university in AZ offering undergraduate and graduate programs in arts and humanities, pure sciences, engineering, business, and medicine.","#N/A",(520) 773-9060,Education,"#N/A","#N/A","#N/A",University of Arizona,39000,3.0,Other,(520) 773-9050,Warm,2019-04-07,8350,Gold,"#N/A","#N/A","#N/A","#N/A","#N/A","#N/A","#N/A","888 N Euclid 
Hallis Center, Room 501
Tucson, AZ 85721
United States",7321,"#N/A","#N/A","#N/A","#N/A",Customer - Direct,Yes,www.universityofarizona.com,"#N/A"
e87fb0ee-548d-4818-b54f-cb7072cbac0c,CD439877,"#N/A",Yes,5.0E8,Chicago,"#N/A","#N/A","#N/A","#N/A","#N/A",IL,"2334 N. Michigan Avenue, Suite 1500
Chicago, IL 60601, USA",High,"Chain of hotels and resorts across the US, UK, Eastern Europe, Japan, and SE Asia.","#N/A",(312) 596-1500,Hospitality,"#N/A","#N/A","#N/A",Grand Hotels & Resorts Ltd,5600,57.0,Public,(312) 596-1000,Warm,2019-10-30,5572,Gold,"#N/A","#N/A","#N/A","#N/A","#N/A","#N/A","#N/A","2334 N. Michigan Avenue, Suite 1500
Chicago, IL 60601, USA",2268,"#N/A","#N/A",GHTL,"#N/A",Customer - Direct,Yes,www.grandhotels.com,"#N/A"
eb1f6ff4-ae3b-4220-88c3-cb938cec8e0f,CD736025,"#N/A",Yes,"#N/A",Tucson,"#N/A","#N/A","#N/A","#N/A","#N/A",AZ,"888 N Euclid 
Hallis Center, Room 501
Tucson, AZ 85721
United States",Medium,"Leading university in AZ offering undergraduate and graduate programs in arts and humanities, pure sciences, engineering, business, and medicine.","#N/A",(520) 773-9060,Education,"#N/A","#N/A","#N/A",University of Arizona,39000,3.0,Other,(520) 773-9050,Warm,2019-04-07,8350,Gold,"#N/A","#N/A","#N/A","#N/A","#N/A","#N/A","#N/A","888 N Euclid 
Hallis Center, Room 501
Tucson, AZ 85721
United States",7321,"#N/A","#N/A","#N/A","#N/A",Customer - Direct,Yes,www.universityofarizona.com,"#N/A"
eb40a398-7287-4b8d-93e5-e64d0577150e,CD355118,"#N/A",Yes,5.6E9,New York,"#N/A","#N/A","#N/A","#N/A","#N/A",NY,"1301 Avenue of the Americas 
New York, NY 10019
USA",High,World's third largest oil and gas company.,"#N/A",(212) 842-5501,Energy,"#N/A","#N/A","#N/A",United Oil & Gas Corp.,145000,955.0,Public,(212) 842-5500,Hot,2019-10-08,6654,Platinum,"#N/A","#N/A","#N/A","#N/A","#N/A","#N/A","#N/A","1301 Avenue of the Americas 
New York, NY 10019
USA",4437,"#N/A","#N/A",UOS,"#N/A",Customer - Direct,Yes,http://www.uos.com,"#N/A"
eb43b78a-02a7-4c02-89b8-b0499ce58406,CD656092,"#N/A","#N/A",3.5E8,Burlington,USA,"#N/A","#N/A","#N/A",27215,NC,525 S. Lexington Ave,"#N/A","#N/A","#N/A",(336) 222-8000,Apparel,"#N/A","#N/A","#N/A",Burlington Textiles Corp of America,9000,6.0,Public,(336) 222-7000,Warm,2019-04-07,5367,Silver,"#N/A","#N/A","#N/A","#N/A","#N/A","#N/A","#N/A","#N/A",546732,"#N/A","#N/A",BTXT,"#N/A",Customer - Direct,Maybe,www.burlington.com,"#N/A"
eb4a01e1-250c-4466-9a0d-a994ce347635,CD439877,"#N/A",Yes,5.0E8,Chicago,"#N/A","#N/A","#N/A","#N/A","#N/A",IL,"2334 N. Michigan Avenue, Suite 1500
Chicago, IL 60601, USA",High,"Chain of hotels and resorts across the US, UK, Eastern Europe, Japan, and SE Asia.","#N/A",(312) 596-1500,Hospitality,"#N/A","#N/A","#N/A",Grand Hotels & Resorts Ltd,5600,57.0,Public,(312) 596-1000,Warm,2019-10-08,5572,Gold,"#N/A","#N/A","#N/A","#N/A","#N/A","#N/A","#N/A","2334 N. Michigan Avenue, Suite 1500
Chicago, IL 60601, USA",2268,"#N/A","#N/A",GHTL,"#N/A",Customer - Direct,Yes,www.grandhotels.com,"#N/A"
ec5c5518-c9d5-44a3-ac4e-943d230cce7d,CC634267,"#N/A",Yes,5.0E7,Lawrence,USA,"#N/A","#N/A","#N/A",66045,KS,1301 Hoch Drive,Low,"#N/A","#N/A",(785) 241-6201,Consulting,"#N/A","#N/A","#N/A",Dickenson plc,120,2.0,Private,(785) 241-6200,"#N/A",2019-10-08,7425,Bronze,Lawrence,USA,"#N/A","#N/A","#N/A",66045,KS,1301 Hoch Drive,6752,"#N/A","#N/A","#N/A","#N/A",Customer - Channel,No,dickenson-consulting.com,"#N/A"
ed21cbf3-8e5e-4fec-8d1f-79f57b8e53fe,CD355119-A,"#N/A",Yes,"#N/A","#N/A","#N/A","#N/A","#N/A","#N/A","#N/A",UK,"Kings Park, 17th Avenue, Team Valley Trading Estate,
Gateshead, Tyne and Wear NE26 3HS
United Kingdom",High,"#N/A","#N/A",+44 191 4956620,Energy,"#N/A","#N/A","#N/A","United Oil & Gas, UK",24000,34.0,Public,+44 191 4956203,"#N/A",2019-04-07,3479,Platinum,"#N/A","#N/A","#N/A","#N/A","#N/A","#N/A","#N/A","Kings Park, 17th Avenue, Team Valley Trading Estate,
Gateshead, Tyne and Wear NE26 3HS
United Kingdom",4437,"#N/A","#N/A",UOS,"#N/A",Customer - Direct,No,http://www.uos.com,"#N/A"
f2b6fc58-3b66-4c6c-831e-040b842c54b1,CC978213,"#N/A",Yes,3.0E7,Mountain View,"#N/A","#N/A","#N/A","#N/A","#N/A",CA,"345 Shoreline Park
Mountain View, CA 94043
USA",Low,Genomics company engaged in mapping and sequencing of the human genome and developing gene-based drugs,"#N/A",(650) 867-9895,Biotechnology,"#N/A","#N/A","#N/A",GenePoint,265,1.0,Private,(650) 867-3450,Cold,2019-10-08,7324,Bronze,"#N/A","#N/A","#N/A","#N/A","#N/A","#N/A","#N/A","345 Shoreline Park
Mountain View, CA 94043
USA",3712,"#N/A","#N/A","#N/A","#N/A",Customer - Channel,Yes,www.genepoint.com,"#N/A"
f4d13cd4-756a-4ca5-a319-de20cc08b25b,CD736025,"#N/A",Yes,"#N/A",Tucson,"#N/A","#N/A","#N/A","#N/A","#N/A",AZ,"888 N Euclid 
Hallis Center, Room 501
Tucson, AZ 85721
United States",Medium,"Leading university in AZ offering undergraduate and graduate programs in arts and humanities, pure sciences, engineering, business, and medicine.","#N/A",(520) 773-9060,Education,"#N/A","#N/A","#N/A",University of Arizona,39000,3.0,Other,(520) 773-9050,Warm,2019-04-29,8350,Gold,"#N/A","#N/A","#N/A","#N/A","#N/A","#N/A","#N/A","888 N Euclid 
Hallis Center, Room 501
Tucson, AZ 85721
United States",7321,"#N/A","#N/A","#N/A","#N/A",Customer - Direct,Yes,www.universityofarizona.com,"#N/A"
f76c159b-cf1f-45a4-b879-8f9300ffd7bb,CC634267,"#N/A",Yes,5.0E7,Lawrence,USA,"#N/A","#N/A","#N/A",66045,KS,1301 Hoch Drive,Low,"#N/A","#N/A",(785) 241-6201,Consulting,"#N/A","#N/A","#N/A",Dickenson plc,120,2.0,Private,(785) 241-6200,"#N/A",2019-10-08,7425,Bronze,Lawrence,USA,"#N/A","#N/A","#N/A",66045,KS,1301 Hoch Drive,6752,"#N/A","#N/A","#N/A","#N/A",Customer - Channel,No,dickenson-consulting.com,"#N/A"
f7b21b8f-9eeb-45a2-9ac9-185e7b1feb3c,"#N/A","#N/A","#N/A","#N/A","#N/A","#N/A","#N/A","#N/A","#N/A","#N/A","#N/A","#N/A","#N/A","#N/A","#N/A","#N/A","#N/A","#N/A","#N/A","#N/A",testAcct,"#N/A","#N/A","#N/A","#N/A","#N/A","#N/A","#N/A","#N/A","#N/A","#N/A","#N/A","#N/A","#N/A","#N/A","#N/A","#N/A","#N/A","#N/A","#N/A","#N/A","#N/A","#N/A","#N/A","#N/A","#N/A"
f7ea5335-c88a-4093-abbb-def67dbe5d7c,CC634267,"#N/A",Yes,5.0E7,Lawrence,USA,"#N/A","#N/A","#N/A",66045,KS,1301 Hoch Drive,Low,"#N/A","#N/A",(785) 241-6201,Consulting,"#N/A","#N/A","#N/A",Dickenson plc,120,2.0,Private,(785) 241-6200,"#N/A",2019-10-30,7425,Bronze,Lawrence,USA,"#N/A","#N/A","#N/A",66045,KS,1301 Hoch Drive,6752,"#N/A","#N/A","#N/A","#N/A",Customer - Channel,No,dickenson-consulting.com,"#N/A"
f8b8851f-dcb9-4e68-be2b-dc42ff0f2bb4,CD355120-B,"#N/A",Yes,"#N/A",Singapore,"#N/A","#N/A","#N/A","#N/A","#N/A",Singapore,"9 Tagore Lane
Singapore, Singapore 787472
Singapore",High,"#N/A","#N/A",(650) 450-8820,Energy,"#N/A","#N/A","#N/A","United Oil & Gas, Singapore",3000,6.0,Public,(650) 450-8810,"#N/A",2019-10-08,2457,Platinum,"#N/A","#N/A","#N/A","#N/A","#N/A","#N/A","#N/A","9 Tagore Lane
Singapore, Singapore 787472
Singapore",4437,"#N/A","#N/A",UOS,"#N/A",Customer - Direct,Maybe,http://www.uos.com,"#N/A"
faa258ae-8998-4e29-9f8d-7d7232e31a5c,CD439877,"#N/A",Yes,5.0E8,Chicago,"#N/A","#N/A","#N/A","#N/A","#N/A",IL,"2334 N. Michigan Avenue, Suite 1500
Chicago, IL 60601, USA",High,"Chain of hotels and resorts across the US, UK, Eastern Europe, Japan, and SE Asia.","#N/A",(312) 596-1500,Hospitality,"#N/A","#N/A","#N/A",Grand Hotels & Resorts Ltd,5600,57.0,Public,(312) 596-1000,Warm,2019-10-08,5572,Gold,"#N/A","#N/A","#N/A","#N/A","#N/A","#N/A","#N/A","2334 N. Michigan Avenue, Suite 1500
Chicago, IL 60601, USA",2268,"#N/A","#N/A",GHTL,"#N/A",Customer - Direct,Yes,www.grandhotels.com,"#N/A"
fc5ac0ca-d217-4b1e-9783-0250675145c8,CD736025,"#N/A",Yes,"#N/A",Tucson,"#N/A","#N/A","#N/A","#N/A","#N/A",AZ,"888 N Euclid 
Hallis Center, Room 501
Tucson, AZ 85721
United States",Medium,"Leading university in AZ offering undergraduate and graduate programs in arts and humanities, pure sciences, engineering, business, and medicine.","#N/A",(520) 773-9060,Education,"#N/A","#N/A","#N/A",University of Arizona,39000,3.0,Other,(520) 773-9050,Warm,2019-04-07,8350,Gold,"#N/A","#N/A","#N/A","#N/A","#N/A","#N/A","#N/A","888 N Euclid 
Hallis Center, Room 501
Tucson, AZ 85721
United States",7321,"#N/A","#N/A","#N/A","#N/A",Customer - Direct,Yes,www.universityofarizona.com,"#N/A"
fd65ed9a-120d-49cc-acf2-9f566795b1e6,CD355120-B,"#N/A",Yes,"#N/A",Singapore,"#N/A","#N/A","#N/A","#N/A","#N/A",Singapore,"9 Tagore Lane
Singapore, Singapore 787472
Singapore",High,"#N/A","#N/A",(650) 450-8820,Energy,"#N/A","#N/A","#N/A","United Oil & Gas, Singapore",3000,6.0,Public,(650) 450-8810,"#N/A",2019-10-08,2457,Platinum,"#N/A","#N/A","#N/A","#N/A","#N/A","#N/A","#N/A","9 Tagore Lane
Singapore, Singapore 787472
Singapore",4437,"#N/A","#N/A",UOS,"#N/A",Customer - Direct,Maybe,http://www.uos.com,"#N/A"
fd6e6fe2-5c74-4898-a566-b264f10f2bd2,CD736025,"#N/A",Yes,"#N/A",Tucson,"#N/A","#N/A","#N/A","#N/A","#N/A",AZ,"888 N Euclid 
Hallis Center, Room 501
Tucson, AZ 85721
United States",Medium,"Leading university in AZ offering undergraduate and graduate programs in arts and humanities, pure sciences, engineering, business, and medicine.","#N/A",(520) 773-9060,Education,"#N/A","#N/A","#N/A",University of Arizona,39000,3.0,Other,(520) 773-9050,Warm,2019-04-07,8350,Gold,"#N/A","#N/A","#N/A","#N/A","#N/A","#N/A","#N/A","888 N Euclid 
Hallis Center, Room 501
Tucson, AZ 85721
United States",7321,"#N/A","#N/A","#N/A","#N/A",Customer - Direct,Yes,www.universityofarizona.com,"#N/A"
fdb15c22-62e9-404d-938b-48e859a36753,CC213425,"#N/A",Yes,9.5E8,Paris,France,"#N/A","#N/A","#N/A",75251,"#N/A",2 Place Jussieu,"#N/A","#N/A","#N/A",(014) 427-4428,Construction,"#N/A","#N/A","#N/A",Pyramid Construction Inc.,2680,17.0,Public,(014) 427-4427,"#N/A",2019-10-08,9840,Silver,Paris,France,"#N/A","#N/A","#N/A",75251,"#N/A",2 Place Jussieu,4253,"#N/A","#N/A",PYR,"#N/A",Customer - Channel,Maybe,www.pyramid.com,"#N/A"
